City,Cloudiness,Country,Date,Max Temp,Wind Speed,Lat,Lng,Humidity
Ponta Delgada,75,PT,1549231200,62.6,12.75,37.73,-25.67,88
Tasiilaq,92,GL,1549230600,21.2,17.22,65.61,-37.64,41
Tuatapere,36,NZ,1549233075,65.78,23.96,-46.13,167.69,72
Rikitea,0,PF,1549233071,81.84,7.63,-23.12,-134.97,100
Dingle,12,PH,1549233079,77.3,13.22,11,122.67,74
Uvira,36,CD,1549233395,60.38,2.37,-3.41,29.14,100
Namibe,12,AO,1549233396,77.79,6.85,-15.19,12.15,100
Cam Ranh,40,VN,1549231200,75.2,1.12,11.92,109.15,88
Kropotkin,0,RU,1549233397,31.26,6.85,45.43,40.58,89
Hilo,90,US,1549230780,75.92,10.29,19.71,-155.08,84
Angoche,0,MZ,1549233397,82.52,3.49,-16.23,39.91,100
Astoria,90,US,1549232340,35.96,10.29,46.19,-123.83,96
Hobart,75,AU,1549231200,62.6,13.87,-42.88,147.33,77
Eyl,92,SO,1549233398,72.8,14.23,7.98,49.82,100
Vila Velha,75,BR,1549231200,82.4,6.93,-3.71,-38.6,78
Katsuura,75,JP,1549231200,55.4,16.11,33.93,134.5,71
Chuy,20,UY,1549233208,66.23,10.2,-33.69,-53.46,80
Chimbote,32,PE,1549233399,73.92,7.52,-9.08,-78.59,89
Praia da Vitoria,40,PT,1549231200,62.6,24.85,38.73,-27.07,82
Twentynine Palms,40,US,1549230960,69.98,16.11,34.14,-116.05,47
Nikel,20,NO,1549232400,-14.81,11.41,69.41,30.21,83
Mahebourg,75,MU,1549231200,80.6,2.24,-20.41,57.7,88
Margate,75,AU,1549231200,62.6,13.87,-43.03,147.26,77
Punta Arenas,0,CL,1549231200,71.6,23.04,-53.16,-70.91,33
Ribeira Grande,75,PT,1549227600,62.6,6.93,38.52,-28.7,88
Vestmannaeyjar,76,IS,1549233401,30.23,5.61,63.44,-20.27,100
Okha,20,RU,1549233401,-11.76,4.94,53.59,142.95,76
Arraial do Cabo,20,BR,1549227600,80.6,14.99,-22.97,-42.02,78
Vaini,0,IN,1549233082,65.33,6.96,15.34,74.49,62
Mataura,68,NZ,1549233087,70.19,24.74,-46.19,168.86,49
Jiuquan,0,CN,1549233403,-8.48,2.93,39.73,98.49,62
Moose Factory,90,CA,1549231200,3.2,3.36,51.26,-80.61,71
Sept-Iles,90,CA,1549231200,8.6,6.93,50.2,-66.38,55
Butaritari,36,KI,1549233072,83.69,20.94,3.07,172.79,100
Cape Town,0,ZA,1549231200,66.2,11.41,-33.93,18.42,88
Kudahuvadhoo,12,MV,1549233404,82.7,15.23,2.67,72.89,99
Kemin,8,KG,1549233404,12.14,3.71,42.79,75.7,83
Fort Myers Beach,90,US,1549232100,78.8,8.05,26.45,-81.95,92
Busselton,0,AU,1549233102,63.39,18.92,-33.64,115.35,100
Flin Flon,75,CA,1549231200,-13.01,8.05,54.77,-101.88,57
Atuona,12,PF,1549233131,79.59,14.79,-9.8,-139.03,100
Ushuaia,0,AR,1549231200,66.2,23.04,-54.81,-68.31,45
Kamenka,92,RU,1549233406,22.22,10.2,53.19,44.05,92
Balabac,0,PH,1549233406,80.45,15.01,7.99,117.06,100
Puerto Ayora,20,EC,1549231200,84.2,8.05,-0.74,-90.35,70
Havoysund,0,NO,1549232400,15.8,33.33,71,24.66,72
Watsa,0,CD,1549233407,65.82,2.59,3.04,29.53,75
Port Alfred,76,ZA,1549233108,68.34,11.43,-33.59,26.89,92
Mount Isa,90,AU,1549231200,71.6,13.87,-20.73,139.49,100
Qingdao,56,CN,1549231200,24.8,2.24,36.09,120.35,92
Sitka,0,US,1549233140,62.27,9.08,37.17,-99.65,40
Iisalmi,90,FI,1549232400,15.8,12.75,63.56,27.19,85
Hermanus,88,ZA,1549233075,62.99,2.59,-34.42,19.24,97
Bogorodsk,90,RU,1549231200,24.8,2.24,56.1,43.52,92
Albany,40,US,1549230840,44.96,8.05,42.65,-73.75,53
Kruisfontein,92,ZA,1549233075,68.12,15.9,-34,24.73,93
Thompson,75,CA,1549231200,-13.01,6.93,55.74,-97.86,62
Grindavik,40,IS,1549231200,28.4,6.93,63.84,-22.43,92
Hofn,48,IS,1549232903,29.31,5.06,64.25,-15.21,100
Lima,0,PE,1549231200,80.6,12.75,-12.06,-77.04,69
Road Town,20,VG,1549231200,78.8,9.17,18.42,-64.62,69
Mitu,0,IR,1549233412,11.51,1.81,36.2,46.09,73
Kapaa,20,US,1549230960,80.06,17.22,22.08,-159.32,60
Shingu,0,JP,1549233413,57.86,19.04,33.72,135.99,100
Sueyoshi,40,JP,1549231200,53.6,13.87,31.65,131.02,76
Bosaso,80,SO,1549233341,74.64,6.62,11.28,49.18,100
Benguela,0,AO,1549233162,77.75,4.94,-12.58,13.4,100
Ust-Omchug,36,RU,1549233414,-18.47,2.59,61.13,149.63,71
Barrow,0,AR,1549233085,63.08,7.18,-38.31,-60.23,69
Kearney,75,US,1549232100,57.92,12.75,40.7,-99.08,73
Nogliki,48,RU,1549233415,8.81,13.11,51.8,143.14,100
Inhambane,44,MZ,1549233415,77.57,8.97,-23.87,35.38,93
Saint-Augustin,0,FR,1549231200,32,2.71,44.83,-0.61,92
Qaanaaq,8,GL,1549233080,-18.96,3.15,77.48,-69.36,80
Akcakoca,12,TR,1549233416,33.24,1.92,41.09,31.12,83
North Bend,90,US,1549230960,48.02,10.29,43.41,-124.22,70
Ruteng,80,ID,1549233417,74.33,4.16,-8.61,120.46,98
Nikolskoye,90,RU,1549231200,33.8,8.95,59.7,30.79,96
Dneprovskaya,0,RU,1549233417,36.71,7.74,45.62,38.81,97
Juba,90,EE,1549230600,33.8,9.17,57.82,26.93,86
Punta de Piedra,0,VE,1549233418,73.92,2.15,7.62,-71.49,65
Chapais,90,CA,1549231500,3.2,8.05,49.78,-74.86,71
Merauke,64,ID,1549233307,86.57,21.05,-8.49,140.4,77
Cabo San Lucas,75,MX,1549230300,77,4.7,22.89,-109.91,73
Ponte Nova,76,BR,1549233419,71,6.62,-20.42,-42.91,90
Hithadhoo,12,MV,1549233101,83.96,10.31,-0.6,73.08,98
Kodiak,1,US,1549230900,60.98,12.75,39.95,-94.76,77
Najran,5,SA,1549231200,66.2,6.93,17.54,44.22,59
Yellowknife,75,CA,1549231200,-29.21,3.38,62.45,-114.38,66
North Augusta,1,CA,1549231200,17.6,8.05,44.76,-75.74,92
Itarema,24,BR,1549233347,77.21,6.85,-2.92,-39.92,95
Pisco,0,PE,1549231200,71.6,23.04,-13.71,-76.2,30
Haines Junction,32,CA,1549233115,-15.5,2.48,60.75,-137.51,61
Ulladulla,76,AU,1549231200,78.8,3.36,-35.36,150.48,74
Georgetown,75,GY,1549231200,80.6,9.17,6.8,-58.16,83
Coffs Harbour,40,AU,1549231200,80.6,12.75,-30.3,153.13,65
Panaba,24,MX,1549233426,79.55,5.5,21.28,-88.27,65
Bluff,88,AU,1549233124,77.66,14.12,-23.58,149.07,74
Saint George,40,GR,1549230600,57.2,2.59,39.45,22.34,100
Zhangye,0,CN,1549233426,-13.74,1.7,38.94,100.46,34
Toamasina,40,MG,1549231200,75.2,4.7,-18.17,49.38,88
Saskylakh,44,RU,1549233115,-18.74,13.78,71.97,114.09,83
Koszalin,92,PL,1549233201,32.07,9.75,54.19,16.18,96
Torbay,75,CA,1549232640,15.8,24.16,47.66,-52.73,92
Aloleng,8,PH,1549233428,77.48,6.29,16.13,119.78,95
The Valley,20,AI,1549231200,78.8,8.05,18.22,-63.06,69
Chokurdakh,36,RU,1549233104,-30.84,9.31,70.62,147.9,52
Dhandhuka,8,IN,1549233428,60.06,4.61,22.38,71.98,59
Norman Wells,20,CA,1549231200,-22.01,5.82,65.28,-126.83,67
Pitimbu,90,BR,1549231200,77,5.82,-7.47,-34.81,100
Saint Anthony,1,US,1549230960,39.02,20.8,43.97,-111.68,59
Bambous Virieux,75,MU,1549231200,80.6,2.24,-20.34,57.76,88
Severo-Kurilsk,44,RU,1549233153,27.66,15.68,50.68,156.12,100
Isla Vista,90,US,1549232100,59,9.17,34.41,-119.86,90
Soc Trang,0,VN,1549231200,75.2,3.36,9.6,105.98,94
Bethel,90,US,1549230960,30.92,10.29,60.79,-161.76,100
Colares,0,PT,1549231200,46.4,8.05,38.8,-9.45,65
Perth,90,GB,1549232400,41,6.93,56.4,-3.43,93
Kahului,75,US,1549230960,77,8.05,20.89,-156.47,76
Cartagena,0,ES,1549231200,48.2,6.93,37.63,-1,34
Banjar,32,ID,1549233432,71.99,3.15,-7.37,108.54,95
Okhotsk,68,RU,1549233154,7.01,5.61,59.36,143.24,100
Sao Joao da Barra,0,BR,1549231200,82.4,11.41,-21.64,-41.05,65
Broome,64,GB,1549230960,40.64,11.41,52.47,1.45,91
Isiro,20,CD,1549233433,73.7,2.59,2.77,27.62,61
Yumen,0,CN,1549233434,11.33,13.67,40.29,97.04,64
Castro,0,CL,1549231200,89.6,6.93,-42.48,-73.76,24
Chara,40,GR,1549230600,57.2,2.59,39.42,22.43,100
Souillac,0,FR,1549231200,33.8,3.49,45.6,-0.6,92
Ati,32,TD,1549233435,73.79,6.73,13.21,18.34,41
Petropavlovsk-Kamchatskiy,0,RU,1549231200,23,8.95,53.05,158.65,53
Comodoro Rivadavia,0,AR,1549231200,68,4.7,-45.87,-67.48,68
Husavik,88,CA,1549233216,-6.18,15.46,50.56,-96.99,85
New Norfolk,75,AU,1549231200,62.6,13.87,-42.78,147.06,77
Ilulissat,0,GL,1549230600,19.4,10.29,69.22,-51.1,37
Pevek,32,RU,1549233125,-11.13,16.69,69.7,170.27,92
Kaitangata,80,NZ,1549233437,71.22,16.02,-46.28,169.85,50
Xichang,0,CN,1549233437,30.59,1.92,27.88,102.25,37
Adre,100,TD,1549233438,73.92,5.95,13.47,22.2,32
Kungurtug,24,RU,1549233438,-14.19,7.96,50.6,97.53,51
Dikson,24,RU,1549233131,-8.61,11.77,73.51,80.55,85
Jamestown,0,AU,1549233079,75.54,13.67,-33.21,138.6,43
Yeniseysk,12,RU,1549233439,-41.73,4.72,58.45,92.17,0
Abu Dhabi,0,AE,1549231200,66.2,2.24,24.47,54.37,88
Talnakh,0,RU,1549233201,-31.34,6.29,69.49,88.39,54
Fortuna,0,ES,1549231200,48.2,5.82,38.18,-1.13,31
Saint-Philippe,90,CA,1549232520,14.9,12.75,45.36,-73.48,85
Sao Filipe,68,CV,1549233222,70.86,13.78,14.9,-24.5,99
Sao Joao del Rei,40,BR,1549227600,80.6,6.93,-21.14,-44.26,54
Kendari,32,ID,1549233441,77.66,3.38,-3.99,122.52,93
Goundam,8,ML,1549233441,64.25,7.63,16.42,-3.66,47
Narsaq,76,GL,1549230600,23,5.82,60.91,-46.05,85
Rocha,0,UY,1549233207,63.98,8.08,-34.48,-54.34,64
Usolye,48,RU,1549233442,-10.86,10.42,59.42,56.68,74
Calderitas,75,MX,1549230000,80.6,11.41,18.55,-88.26,74
Lavrentiya,48,RU,1549233249,22.44,11.21,65.58,-170.99,90
Luderitz,0,NA,1549233085,61.77,19.04,-26.65,15.16,74
Veere,8,NL,1549232700,42.8,16.11,51.55,3.67,100
Batetskiy,88,RU,1549233444,35.99,5.39,58.65,30.3,98
San Jeronimo,44,PE,1549233444,50.07,1.92,-13.65,-73.37,72
Constitucion,40,MX,1549230660,75.2,11.41,23.99,-104.67,14
Ullapool,80,GB,1549233445,42.29,8.75,57.9,-5.16,100
Buraydah,0,SA,1549231200,55.4,6.93,26.33,43.97,71
Shamkhal,90,RU,1549231200,32,8.95,43.06,47.33,97
Nacala,80,MZ,1549233446,81.98,2.37,-14.56,40.69,94
Mahenge,80,TZ,1549233447,69.56,2.93,-8.68,36.72,100
Gushikawa,20,JP,1549231200,73.4,11.41,26.35,127.87,83
Faya,0,SA,1549231200,55.4,2.15,18.39,42.45,87
Biloela,92,AU,1549233448,74.19,10.31,-24.4,150.51,79
East London,0,ZA,1549233074,70.82,21.05,-33.02,27.91,100
Sambava,68,MG,1549233093,79.91,11.77,-14.27,50.17,100
Hasaki,20,JP,1549231200,64.4,18.34,35.73,140.83,77
Deyang,0,CN,1549233449,31.4,2.04,31.12,104.39,83
Ambilobe,88,MG,1549233449,71.04,1.48,-13.19,49.05,100
Natal,20,BR,1549231200,82.4,9.17,-5.81,-35.21,83
Clyde River,90,CA,1549231200,-11.21,24.16,70.47,-68.59,83
Doha,0,QA,1549231200,64.4,11.41,25.29,51.53,59
Brae,32,GB,1549230600,42.8,16.11,60.4,-1.35,93
Itaituba,20,BR,1549227600,93.2,3.36,-4.26,-55.99,49
Sioux Lookout,90,CA,1549231200,3.2,6.93,50.1,-91.92,71
Lorengau,92,PG,1549233118,79.77,10.76,-2.02,147.27,100
Troitskoye,0,RU,1549233451,-32.78,3.38,52.98,84.68,57
Tautira,75,PF,1549231200,86,18.34,-17.73,-149.15,70
Mar del Plata,0,AR,1549233082,72.89,7.07,-46.43,-67.52,47
Quatre Cocos,75,MU,1549231200,80.6,2.24,-20.21,57.76,88
Carnarvon,0,ZA,1549233106,59.61,11.65,-30.97,22.13,65
Longyearbyen,75,NO,1549230600,26.6,4.7,78.22,15.63,68
Bonnyville,90,CA,1549231200,-16.61,3.36,54.27,-110.74,62
Victoria,75,BN,1549231200,77,1.7,5.28,115.24,100
Narrabri,0,AU,1549231200,84.2,11.41,-30.33,149.78,26
Emerald,90,AU,1549231200,80.6,20.8,-23.53,148.16,61
Geraldton,90,CA,1549231200,3.2,8.05,49.72,-86.95,77
Chapada dos Guimaraes,75,BR,1549231200,75.2,3.36,-15.46,-55.75,88
Hamilton,40,BM,1549230900,64.4,2.24,32.3,-64.78,63
Banja Koviljaca,56,BA,1549231200,33.8,2.24,44.51,19.16,98
Banda Aceh,8,ID,1549233163,72.39,2.15,5.56,95.32,100
Batagay-Alyta,24,RU,1549233456,-37.64,2.82,67.8,130.41,0
Ahipara,20,NZ,1549233136,74.69,10.87,-35.17,173.16,74
Cukai,24,MY,1549231200,75.2,1.12,4.25,103.42,100
Ayan,0,TR,1549233424,19.7,1.7,40.67,33.6,70
Tuktoyaktuk,75,CA,1549231200,-11.21,12.75,69.44,-133.03,76
Cururupu,88,BR,1549233458,78.11,5.73,-1.82,-44.87,86
Codrington,90,AU,1549231200,82.4,3.6,-28.95,153.24,83
Lowestoft,64,GB,1549232400,35.6,12.75,52.48,1.75,100
Deputatskiy,8,RU,1549233178,-51.36,2.71,69.3,139.9,0
Nazas,80,MX,1549233459,70.14,5.84,25.22,-104.11,24
Bredasdorp,92,ZA,1549231200,66.2,6.93,-34.53,20.04,88
Port Hueneme,75,US,1549231320,60.98,9.17,34.15,-119.2,86
Dharchula,0,IN,1549233460,25.32,2.37,29.85,80.53,56
Isangel,56,VU,1549233235,77.39,12.77,-19.55,169.27,100
Berlevag,0,NO,1549230600,15.8,14.99,70.86,29.09,56
Kerema,24,PG,1549233460,90.21,2.71,-7.96,145.78,55
Kachug,36,RU,1549233461,-35.3,3.15,53.96,105.89,61
Monrovia,40,LR,1549229400,78.8,7.96,6.33,-10.8,94
Salekhard,48,RU,1549233461,-19.55,6.29,66.54,66.62,59
Tekeli,88,KZ,1549233462,9.89,2.04,44.86,78.76,55
Marsaxlokk,20,MT,1549232100,46.4,4.7,35.84,14.54,87
Manta,68,RO,1549233242,35.81,1.92,45.1,24.1,81
Kavieng,88,PG,1549233262,78.24,4.61,-2.57,150.8,100
Lipovtsy,0,RU,1549233463,7.19,9.64,44.2,131.72,31
Yar-Sale,8,RU,1549233137,-26.16,12.88,66.83,70.83,42
Adjumani,12,UG,1549233463,73.02,4.83,3.38,31.79,48
Sobolevo,88,RU,1549233464,33.96,9.31,54.43,31.9,97
Alofi,0,NU,1549231200,84.2,14.99,-19.06,-169.92,66
Crestview,75,US,1549233000,68,4.83,30.76,-86.57,70
Labuhan,92,ID,1549233289,72.66,2.93,-2.54,115.51,97
Kokopo,64,PG,1549233466,81.71,7.74,-4.34,152.27,100
Acapulco,5,MX,1549230360,82.4,10.29,16.86,-99.88,65
Port Elizabeth,1,US,1549230960,50,7.63,39.31,-74.98,57
Vestmanna,0,FO,1549232400,30.2,2.24,62.16,-7.17,80
Cherskiy,0,RU,1549233100,-16.85,7.4,68.75,161.3,74
Shizunai,92,JP,1549233468,38.46,7.18,42.33,142.37,99
Mawlaik,56,MM,1549233468,54.21,2.59,23.63,94.42,81
Fort Morgan,56,US,1549231800,62.6,21.92,40.25,-103.8,20
Berdigestyakh,56,RU,1549233469,-29.27,5.61,62.1,126.7,46
San Cristobal,75,EC,1549231200,68,12.75,-0.39,-78.55,60
Porto Novo,40,BR,1549231200,77,6.93,-23.68,-45.44,78
Lompoc,75,US,1549232100,60.08,11.41,34.64,-120.46,82
Nanortalik,76,GL,1549233083,22.71,2.71,60.14,-45.24,100
Jackson,1,US,1549232100,71.6,9.17,35.61,-88.82,54
Shitanjing,0,CN,1549233466,12.36,4.94,39.23,106.34,56
Minot,90,US,1549232760,-7.97,13.87,48.23,-101.3,76
Brantford,75,CA,1549231200,44.6,14.99,43.14,-80.27,87
Mehamn,0,NO,1549230600,15.8,21.92,71.03,27.85,72
Fenoarivo,75,MG,1549231200,64.4,5.82,-18.93,47.44,88
Bako,0,NG,1549233472,72.57,4.61,9.68,6.4,81
Santa Fe,32,AR,1549233288,66.68,6.96,-31.62,-60.7,67
Kuvshinovo,92,RU,1549233472,33.96,8.41,57.03,34.18,97
Hokitika,20,NZ,1549233473,61.19,2.37,-42.72,170.96,94
Jiaozuo,76,CN,1549233473,23.21,1.92,35.21,113.25,55
Zhanaozen,24,KZ,1549233148,19.7,6.51,43.35,52.85,85
Ballina,0,IE,1549233310,45.66,18.48,54.11,-9.15,95
Lasa,0,CY,1549231200,50,8.05,34.92,32.53,81
Takaka,0,NZ,1549233478,73.25,9.42,-40.86,172.81,69
Flinders,24,AU,1549231200,78.8,3.36,-34.58,150.85,74
Leh,68,IN,1549233214,-15.36,0.69,34.16,77.58,68
Pangnirtung,20,CA,1549227600,15.8,20.8,66.15,-65.72,47
Te Anau,36,NZ,1549233235,62.63,15.23,-45.41,167.72,58
Goure,0,NE,1549233480,66.05,4.38,13.98,10.27,32
Salalah,20,OM,1549230600,71.6,4.7,17.01,54.1,73
Upernavik,0,GL,1549233117,2.87,5.95,72.79,-56.15,94
Avarua,90,CK,1549231200,78.8,6.93,-21.21,-159.78,94
Faanui,92,PF,1549233310,82.16,11.65,-16.48,-151.75,100
Phuntsholing,56,IN,1549233481,44.18,2.04,26.86,89.38,89
Ponta do Sol,36,BR,1549233078,76.17,3.71,-20.63,-46,72
Solnechnyy,56,RU,1549233482,-1.82,5.06,50.72,136.64,69
Port Angeles,90,US,1549231800,35.96,24.16,48.12,-123.43,68
Sorland,75,NO,1549228800,28.4,10.29,67.67,12.69,39
Goderich,92,CA,1549233483,41.66,15.23,43.74,-81.71,100
Oussouye,24,SN,1549231200,73.4,2.24,12.49,-16.54,64
Suntar,36,RU,1549233483,-33.95,4.94,62.16,117.65,61
Lahij,92,YE,1549233484,63.66,2.71,13.06,44.88,90
Henties Bay,0,NA,1549233275,62.49,4.72,-22.12,14.28,98
Kabalo,36,CD,1549233484,71.76,5.61,-6.05,26.92,95
Inuvik,75,CA,1549231200,-4.01,8.05,68.36,-133.71,53
Lleida,0,ES,1549231200,42.8,10.29,41.61,0.63,59
Barbacoas,100,CO,1549233485,74.37,3.94,1.67,-78.14,100
Vao,80,EE,1549233409,31.22,9.19,59.1,26.19,93
Port Hedland,90,AU,1549231200,84.2,18.34,-20.31,118.58,83
Novouzensk,64,RU,1549233486,4.22,3.04,50.46,48.14,72
Sur,56,OM,1549233287,66.99,5.06,22.57,59.53,100
Chipinge,8,ZW,1549233486,64.52,2.71,-20.19,32.62,93
Kaeo,44,NZ,1549233072,73.79,11.65,-35.1,173.78,74
Ferme-Neuve,92,CA,1549233487,17.99,4.94,46.7,-75.45,88
Qidong,0,CN,1549233487,43.82,15.57,31.81,121.66,87
Matara,44,PE,1549233487,50.07,1.92,-13.74,-72.9,72
Verkhoyansk,32,RU,1549233147,-48.17,2.37,67.55,133.39,0
Xining,8,CN,1549233488,3.95,4.38,36.62,101.77,46
Leningradskiy,76,RU,1549233171,-1.59,14.67,69.38,178.42,81
Vaitape,80,PF,1549233489,83.42,11.99,-16.52,-151.75,99
Ancud,0,CL,1549231200,89.6,6.93,-41.87,-73.83,24
Bathsheba,20,BB,1549231200,77,8.05,13.22,-59.52,73
Ugoofaaru,0,MV,1549233319,81.8,14.23,5.67,73,100
Nalut,8,LY,1549233489,43.1,12.21,31.86,10.98,51
Cicero Dantas,24,BR,1549233490,78.47,11.1,-10.6,-38.38,72
Hambantota,0,LK,1549228200,77,5.82,6.12,81.12,100
Ndungu,12,TZ,1549233490,67.49,2.59,-4.38,38.06,88
Talakan,0,RU,1549233491,-20.81,5.17,50.29,130.28,59
Gushi,64,CN,1549233491,29.78,7.07,32.17,115.65,71
Port Lincoln,44,AU,1549233232,69.11,19.82,-34.72,135.86,85
Boissevain,40,CA,1549232100,-11.21,18.34,49.23,-100.06,69
Razole,0,IN,1549233492,75.86,13.22,16.48,81.84,100
Sawakin,20,SD,1549231200,75.2,13.87,19.1,37.33,73
Saldanha,0,PT,1549233258,22.58,2.59,41.42,-6.55,79
Katherine,75,AU,1549231200,73.4,8.05,-14.47,132.26,94
San Juan,40,PR,1549231140,78.98,11.41,18.47,-66.12,74
Atikokan,88,CA,1549233403,14.3,6.17,48.76,-91.62,75
Puerto Baquerizo Moreno,75,EC,1549231200,80.6,4.7,-0.9,-89.6,83
Sabaudia,20,IT,1549232400,48.2,8.05,41.3,13.03,81
Camacha,40,PT,1549229400,60.8,14.99,33.08,-16.33,62
Manakara,36,MG,1549233495,75.5,2.37,-22.14,48.01,99
Bandarbeyla,92,SO,1549233060,76.26,14.67,9.49,50.81,100
Mae Sai,0,MM,1549231200,57.2,2.26,20.44,99.89,100
Charters Towers,92,AU,1549233205,73.97,16.69,-20.07,146.27,99
Fairbanks,1,US,1549231080,8.06,8.97,64.84,-147.72,86
Sabha,0,LY,1549233496,52.77,14.67,27.03,14.43,31
La Seyne-sur-Mer,0,FR,1549231200,46.4,11.41,43.1,5.88,45
Jiangkou,0,CN,1549233497,34.64,5.61,30.7,117.56,89
Muros,0,ES,1549231200,41,5.82,42.77,-9.06,86
Calabozo,0,VE,1549233337,85.67,8.97,8.92,-67.43,38
Lagoa,0,PT,1549229400,46.4,3.36,37.14,-8.45,65
Ostrovnoy,0,RU,1549233158,-12.66,8.75,68.05,39.51,80
Mount Gambier,90,AU,1549231200,64.4,17.22,-37.83,140.78,72
Novooleksiyivka,92,UA,1549233498,36.17,13,48.49,32.24,90
Axim,0,GH,1549233498,81.98,10.42,4.87,-2.24,100
Tabou,0,CI,1549233498,82.29,13.67,4.42,-7.36,98
Carauari,44,BR,1549233499,75.32,4.61,-4.88,-66.9,97
Dzaoudzi,0,YT,1549231200,80.6,3.36,-12.79,45.27,83
Hami,80,CN,1549233141,13.67,4.94,42.84,93.51,76
Temir,0,KZ,1549233500,-5.87,2.93,49.14,57.13,57
Juneau,20,US,1549230960,21.92,2.37,58.3,-134.42,29
Kautokeino,68,NO,1549233501,-13.07,3.27,69.01,23.04,78
Vardo,1,US,1549232100,51.98,6.93,39.62,-77.74,58
Nagorsk,56,RU,1549233501,-2.36,11.65,59.32,50.8,73
Lakes Entrance,64,AU,1549233501,72.21,8.3,-37.88,147.99,84
Guerrero Negro,80,MX,1549233241,64.25,10.09,27.97,-114.04,87
Coihaique,0,CL,1549231200,93.2,10.29,-45.58,-72.07,23
San Patricio,44,PY,1549233074,71.49,2.71,-26.98,-56.83,89
East Hartford,1,US,1549230960,44.06,6.93,41.78,-72.61,57
Garowe,0,SO,1549233258,61.32,8.3,8.41,48.48,90
Bereznik,56,RU,1549233113,2.19,9.42,62.86,42.71,70
Mana,0,RS,1549233000,39.2,2.24,43.52,20.24,100
Ngunguru,48,NZ,1549233504,71.94,12.44,-35.62,174.5,94
Saint-Joseph,0,FR,1549231200,46.4,4.7,43.56,6.97,86
Lebu,0,ET,1549233153,37.74,2.59,8.96,38.73,71
Maner,0,IN,1549231200,53.6,2.24,25.65,84.88,93
Cidreira,88,BR,1549233141,70.41,9.53,-30.17,-50.22,75
Tevaitoa,92,PF,1549233506,82.74,11.65,-16.78,-151.5,100
Khatanga,76,RU,1549233265,-20.54,10.42,71.98,102.47,61
Sao Gabriel da Cachoeira,12,BR,1549233506,77.57,1.7,-0.13,-67.09,94
Te Horo,36,NZ,1549231200,69.8,23.04,-40.81,175.12,73
Kiruna,90,SE,1549230600,-2.21,2.24,67.86,20.23,84
Goma,32,CD,1549233507,61.64,2.37,-1.67,29.23,85
Tilichiki,92,RU,1549233507,12.41,7.29,60.47,166.1,82
Kato Tithorea,20,GR,1549230600,57.2,9.17,38.61,22.71,76
Sakleshpur,0,IN,1549233508,64.97,4.27,12.94,75.79,69
Lishui,92,CN,1549233508,42.11,2.37,28.45,119.91,100
Evensk,44,RU,1549233209,6.56,15.23,61.92,159.24,100
Morondava,24,MG,1549233331,78.11,1.25,-20.3,44.28,100
Tefe,20,BR,1549231200,86,8.05,-3.35,-64.71,70
Humaita,75,AR,1549231200,73.4,6.93,-24.93,-65.37,83
Fairmont,90,US,1549232100,62.24,10.29,40.64,-97.59,76
Utkivka,90,UA,1549231200,33.8,11.18,49.79,36.02,100
Airai,36,TL,1549233083,76.13,1.59,-8.93,125.41,83
Kavaratti,0,IN,1549233140,82.79,8.19,10.57,72.64,100
Kirakira,56,SB,1549233298,78.96,11.32,-10.46,161.92,100
San Vicente,20,SV,1549230600,86,8.05,13.64,-88.78,58
Nome,90,US,1549232100,65.66,5.82,30.04,-94.42,92
Esil,48,KZ,1549233513,-1.73,7.74,51.96,66.41,69
Moron,40,VE,1549231380,84.2,2.71,10.49,-68.2,58
Touros,40,BR,1549231200,82.4,8.05,-5.2,-35.46,78
Vitim,8,RU,1549233514,-45.78,4.05,59.44,112.57,0
Khandyga,76,RU,1549233515,-32.69,2.71,62.65,135.58,56
Huaicheng,92,CN,1549233515,53.31,3.71,23.91,112.19,100
Mitsamiouli,90,KM,1549231200,77,2.24,-11.38,43.28,94
Omboue,68,GA,1549233516,78.47,6.96,-1.57,9.26,100
Soyo,76,AO,1549233517,79.64,5.73,-6.13,12.37,93
Vila Franca do Campo,75,PT,1549231200,62.6,12.75,37.72,-25.43,88
Provideniya,75,RU,1549231200,28.4,6.71,64.42,-173.23,86
Laje,32,BR,1549233517,73.79,6.73,-13.18,-39.42,87
Kapit,92,MY,1549233518,74.06,2.71,2.02,112.94,99
Imeni Poliny Osipenko,56,RU,1549233122,-4.97,10.54,52.42,136.49,67
Punta Alta,75,AR,1549231200,80.6,11.41,-27.46,-55.82,65
Honiara,76,SB,1549233150,78.42,3.83,-9.43,159.96,100
Taltal,24,CL,1549233220,70.86,2.71,-25.41,-70.49,66
Bethanien,0,NA,1549233519,61.64,6.62,-26.5,17.16,42
Opuwo,32,NA,1549233519,66.68,3.94,-18.06,13.84,63
Asadabad,20,IR,1549230660,26.6,9.17,34.78,48.12,73
Tiksi,12,RU,1549233106,-36.2,4.94,71.64,128.87,0
Seoul,0,KR,1549231200,30.2,5.82,37.57,126.98,49
Suez,20,EG,1549233520,38.33,2.59,29.97,32.54,74
Santiago del Estero,0,AR,1549233520,71.31,6.62,-27.8,-64.26,67
Ginda,0,IN,1549233166,31.13,2.93,30.69,78.49,62
Abdulino,92,RU,1549233343,8.36,3.15,53.68,53.66,73
Dunedin,0,NZ,1549233156,72.57,3.27,-45.87,170.5,58
Luganville,0,VU,1549233521,81.44,1.92,-15.51,167.18,100
Manavalakurichi,56,IN,1549233522,70.37,3.38,8.13,77.3,98
Xingcheng,0,CN,1549233522,2.69,5.17,40.62,120.71,67
Kalakamati,0,BW,1549233522,71.09,12.66,-20.59,27.31,45
Lulea,90,SE,1549230600,8.6,9.17,65.58,22.15,78
Dombarovskiy,0,RU,1549233523,-6.63,2.82,50.76,59.54,59
Zhumadian,88,CN,1549233523,33.06,5.17,33.01,114.02,80
Eureka,90,US,1549231560,48.02,9.17,40.8,-124.16,92
Richards Bay,56,ZA,1549233154,70.73,6.17,-28.77,32.06,99
Nuuk,12,GL,1549230600,26.6,13.87,64.17,-51.74,35
Komsomolskiy,0,RU,1549233160,-34.4,3.15,67.55,63.78,0
Pacific Grove,90,US,1549232640,53.96,9.17,36.62,-121.92,80
Aklavik,75,CA,1549231200,-4.01,8.05,68.22,-135.01,53
Nevsehir,0,TR,1549232400,32,2.59,38.62,34.71,67
Bilma,0,NE,1549233525,53.45,2.93,18.69,12.92,42
Along,48,IN,1549233525,49.58,1.7,28.17,94.8,64
Barranca,12,PE,1549233526,72.98,10.54,-10.75,-77.76,98
Virginia Beach,90,US,1549232400,58.28,8.05,36.85,-75.98,50
Mbuji-Mayi,24,CD,1549233526,71.9,2.93,-6.13,23.6,97
Manyana,76,AU,1549231200,78.8,3.36,-35.26,150.51,74
Svetlogorsk,40,RU,1549231200,3.2,2.24,53.14,59.15,84
Muzhi,64,RU,1549233527,-24.99,6.73,65.4,64.7,39
North Platte,1,US,1549230780,46.94,18.34,41.12,-100.77,68
Sri Aman,68,MY,1549231200,77,2.24,1.24,111.46,100
Mnogovershinnyy,44,RU,1549233529,-7.76,2.59,53.94,139.92,61
Tuskegee,1,US,1549232100,69.08,4.7,32.42,-85.69,58
Wattegama,56,LK,1549233529,66.32,2.71,7.35,80.68,97
Noyabrsk,80,RU,1549233530,-27.2,8.97,63.2,75.45,43
Tulum,40,MX,1549230120,82.4,9.17,20.21,-87.46,65
Arua,0,UG,1549233530,66.77,2.59,3.02,30.91,56
Worland,90,US,1549232100,32,12.75,44.02,-107.96,75
Gewane,0,ET,1549233531,56.91,2.48,10.16,40.66,82
Ojinaga,40,US,1549230900,77.54,4.16,29.56,-104.41,22
Puerto Suarez,75,BO,1549231200,93.2,6.06,-18.96,-57.8,63
Krasnyy Chikoy,32,RU,1549233532,-26.93,1.03,50.36,108.75,37
Puerto Colombia,20,CO,1549231200,80.6,19.46,10.99,-74.96,69
Long Beach,1,US,1549230960,69.08,8.05,30.35,-89.15,78
Almaznyy,90,RU,1549231200,28.4,11.18,48.03,40.04,100
Ishigaki,75,JP,1549231200,71.6,2.24,24.34,124.16,94
Filadelfia,76,PY,1549233534,81.98,10.31,-22.35,-60.04,71
Caravelas,0,BR,1549233534,81.98,18.25,-17.73,-39.27,100
Gazli,32,UZ,1549233534,40.13,8.52,40.13,63.45,82
Pochutla,20,MX,1549230300,86,8.05,15.74,-96.47,55
Starokozache,0,UA,1549231200,42.8,17.9,46.34,29.99,93
Sedro-Woolley,90,US,1549232460,35.96,13.87,48.5,-122.23,81
Bulgan,0,MN,1549233535,-9.38,10.76,48.81,103.53,44
Beringovskiy,36,RU,1549233536,27.39,9.98,63.05,179.32,85
Angoram,20,PG,1549233536,85.94,4.27,-4.06,144.07,72
Genhe,0,CN,1549233536,-26.57,6.51,50.78,121.52,36
Rio Gallegos,20,AR,1549227600,87.8,8.05,-51.62,-69.22,27
Gweru,8,ZW,1549233537,65.78,6.96,-19.46,29.82,79
Marsh Harbour,76,BS,1549233314,72.8,16.8,26.54,-77.06,100
Sakaiminato,75,JP,1549231200,50,5.82,35.55,133.23,71
Utete,8,TZ,1549233537,74.19,2.48,-7.99,38.76,99
Northam,92,GB,1549230600,44.6,8.05,51.04,-4.21,87
Zhigansk,32,RU,1549233323,-37.55,6.4,66.77,123.37,76
Baraya,0,NE,1549233538,64.11,4.38,13.54,6.96,41
Moryakovskiy Zaton,0,RU,1549231200,-43.61,3.6,56.7,84.65,64
Kieta,80,PG,1549233307,81.12,5.95,-6.22,155.63,100
San Fernando,20,TT,1549231200,80.6,16.11,10.28,-61.46,65
Smithers,20,CA,1549231200,-2.21,2.24,54.78,-127.17,58
Belgrade,0,RS,1549231200,42.8,3.36,44.82,20.46,93
Andilamena,36,MG,1549233540,60.47,2.59,-17.01,48.57,94
Nara,75,JP,1549231200,53.6,4.7,34.68,135.8,93
Faro,0,PT,1549231200,44.6,2.24,37.02,-7.94,70
Kloulklubed,75,PW,1549230600,78.8,5.82,7.04,134.26,88
Belaya Gora,48,RU,1549233541,-37.46,2.93,68.54,146.19,75
Klaksvik,0,FO,1549230600,32,6.93,62.23,-6.59,100
Mombetsu,88,JP,1549233542,29.6,10.98,44.35,143.35,98
Ilanskiy,8,RU,1549233542,-40.52,6.96,56.24,96.06,0
Bonavista,44,CA,1549233542,14.07,28.88,48.65,-53.11,100
Kharhial,0,IN,1549233543,51.06,1.36,20.28,82.77,81
Soltsy,92,RU,1549233543,35.94,5.73,58.12,30.32,96
Aldan,48,RU,1549233543,-35.3,3.27,58.61,125.39,62
College,1,US,1549231080,8.96,8.97,64.86,-147.8,86
Nioro,0,GM,1549233544,72.98,4.61,13.79,-15.05,54
Naze,20,NG,1549231200,82.4,5.61,5.43,7.07,83
Harper,1,US,1549230900,73.94,17.22,30.3,-99.24,58
Lincoln,76,GB,1549230600,39.2,14.99,53.23,-0.54,86
Puerto Narino,75,CO,1549231200,87.8,2.24,-3.77,-70.38,66
Yerofey Pavlovich,0,RU,1549233546,-28.46,6.29,53.97,121.97,42
Chorozinho,75,BR,1549231200,82.4,6.93,-4.3,-38.5,78
Teguise,20,ES,1549231200,60.8,21.92,29.06,-13.56,72
Esperance,20,TT,1549231200,80.6,16.11,10.24,-61.45,65
Buzuluk,68,RU,1549233547,2.82,3.15,52.79,52.25,67
Port Hardy,90,CA,1549231200,24.8,16.11,50.7,-127.42,62
Yarmouth,75,GB,1549232400,46.4,8.05,50.71,-1.5,87
Kifri,0,IQ,1549233548,35,2.93,34.69,44.96,76
Nicoya,0,CR,1549231200,89.6,23.04,10.15,-85.45,46
Srednekolymsk,24,RU,1549233237,-19.1,3.15,67.46,153.71,83
Tessalit,0,ML,1549233549,54.84,11.99,20.2,1.01,30
Erenhot,0,CN,1549233250,1.97,11.54,43.65,111.97,61
Vuktyl,0,RU,1549233549,-26.03,2.37,63.86,57.31,40
Ha Tinh,64,VN,1549233550,71.36,3.49,18.33,105.9,99
Port-Cartier,90,CA,1549231200,8.6,6.93,50.03,-66.88,55
Halifax,20,CA,1549231200,21.2,8.05,44.65,-63.58,57
Itaueira,80,BR,1549233550,79.91,3.6,-7.6,-43.03,66
Hakui,75,JP,1549231200,48.2,9.17,36.89,136.78,87
Liberty,1,US,1549232100,64.04,5.82,39.64,-84.93,45
Lerwick,32,GB,1549232400,42.8,28.86,60.15,-1.15,75
Bud,20,NO,1549232400,30.2,10.29,62.91,6.91,92
Broken Hill,0,AU,1549231200,78.8,14.99,-31.97,141.45,27
Louga,0,SN,1549231200,64.4,4.7,15.62,-16.22,77
Chizhou,0,CN,1549233552,34.64,5.61,30.67,117.49,89
Laguna,75,MX,1549230060,77,6.93,27.52,-110.01,38
Maldonado,40,UY,1549231200,68,5.82,-34.91,-54.96,60
Shelburne,90,CA,1549231200,44.6,8.05,44.08,-80.2,93
Prince Rupert,1,CA,1549231200,23,11.41,54.32,-130.32,32
Novo Aripuana,32,BR,1549233357,77.79,1.7,-5.12,-60.38,93
Skjervoy,0,NO,1549232400,14,33.33,70.03,20.97,56
Iquitos,75,PE,1549231200,78.8,5.82,-3.75,-73.25,88
Terrace,20,CA,1549231200,10.4,14.99,54.52,-128.61,46
Moose Jaw,90,CA,1549231200,-11.21,11.41,50.4,-105.54,69
Ixtapa,75,MX,1549230180,77,11.41,20.71,-105.21,73
Mayo,75,CA,1549231200,-29.21,3.38,63.59,-135.9,66
Tres Arroyos,0,AR,1549233556,63.08,7.18,-38.38,-60.28,69
Belmonte,0,PT,1549233556,25.37,2.71,40.36,-7.35,74
Coquimbo,75,CL,1549231200,64.4,10.29,-29.95,-71.34,82
Vostok,32,RU,1549233084,-7.26,7.63,46.45,135.83,57
Cairns,90,AU,1549231200,80.6,2.24,-16.92,145.77,94
Oparino,56,RU,1549233557,9.62,7.63,59.85,48.28,70
Huilong,92,CN,1549233558,37.74,4.05,28.89,110.18,96
Kanakapura,0,IN,1549233558,61.82,8.08,12.54,77.42,94
Hudson Bay,88,CA,1549233336,-10.91,3.94,52.86,-102.4,53
Sayyan,36,YE,1549233360,40.94,1.36,15.17,44.32,81
Acajutla,0,SV,1549233559,81.53,4.83,13.59,-89.83,59
Saint-Francois,0,FR,1549231200,32,3.36,46.42,3.91,91
Victor Harbor,40,AU,1549231200,69.8,20.8,-35.55,138.62,60
Bartica,75,GY,1549231200,80.6,9.17,6.41,-58.62,74
Bassano,92,CA,1549233560,-13.7,8.52,50.79,-112.47,77
Namatanai,68,PG,1549233356,81.66,11.77,-3.66,152.44,100
Bindi,0,NG,1549233561,62.63,2.93,12.86,8.84,55
Allapalli,0,IN,1549233561,58.49,2.59,19.43,80.06,82
Avera,90,US,1549230900,64.4,11.41,33.19,-82.53,74
Souris,40,CA,1549231200,14,3.36,46.36,-62.25,56
Kumluca,32,TR,1549233562,23.97,1.14,36.37,30.29,83
Umm Kaddadah,0,SD,1549233562,62.45,7.4,13.6,26.69,37
Huesca,0,ES,1549231200,33.8,11.41,42.14,-0.41,55
Malbang,12,PH,1549233563,76.22,1.14,5.86,125.05,95
Fez,0,MA,1549231200,41,6.93,34.03,-5.02,100
Pskov,88,RU,1549231200,33.8,4.47,57.82,28.33,100
Verkhnetulomskiy,0,RU,1549231200,-25.61,4.47,68.61,31.8,67
Galeana,12,MX,1549233564,61.32,3.71,24.83,-100.08,55
Arman,76,RU,1549233204,-2,10.2,59.7,150.17,67
Houlton,90,US,1549230960,19.04,3.83,46.13,-67.84,50
Coalinga,90,US,1549230960,60.08,16.11,36.14,-120.36,77
Shirokiy,88,RU,1549233230,33.38,10.09,53.87,39.17,98
Soe,90,EE,1549230600,33.8,9.17,57.91,26.05,86
Thurso,36,GB,1549232400,39.2,10.29,58.6,-3.52,86
San Quintin,0,PH,1549233297,71.72,4.72,17.54,120.52,78
Gotsu,0,JP,1549233567,46.79,15.12,35.01,132.22,85
Alta Floresta,20,BR,1549233172,80.76,2.37,-9.87,-56.08,80
Show Low,75,US,1549232100,53.96,18.34,34.25,-110.03,87
Zyryanka,36,RU,1549233567,-19.59,3.94,65.73,150.89,85
Key Largo,1,US,1549230960,82.94,4.7,25.09,-80.45,64
Cayenne,75,GF,1549231200,80.6,3.36,4.94,-52.33,74
